Player,Team,MPG,True Usage,Shot Usage,Assist Usage,Turnover Usage,True TO%,Time of Possession%,Shot/Touch %,% Touches Ending Possession
Andrew Bogut,GSW,23.6,0.254259597806216,0.113796465569775,0.108165752589884,0.032297379646557,0.12702521330649,0.051063829787234,0.233235496159371,0.299431711734216
Marvin Williams,CHA,26.1,0.201644105340881,0.131252768889983,0.0556239232094511,0.0147674132414472,0.0732350356410507,0.0344827586206897,0.275682382133995,0.306699751861042
Chris Paul,LAC,34.8,0.544633431085044,0.226192858375022,0.285664999137485,0.0327755735725375,0.0601791438091498,0.223495702005731,0.197905095387588,0.226581743540208
Raymond Felton,DAL,9.7,0.406643356643357,0.196853146853147,0.178321678321678,0.0314685314685315,0.0773860705073087,0.154639175257732,0.228397565922921,0.264908722109533
Martell Webster,WAS,11,0.247068723702665,0.167124824684432,0.0490883590462833,0.0308555399719495,0.12488646684832,0.0363636363636364,0.335472972972973,0.39740990990991
Charlie Villanueva,DAL,10.6,0.314022662889518,0.26728045325779,0.0269121813031161,0.0198300283286119,0.063148398737032,0.0377358490566038,0.536079545454545,0.575852272727273
Channing Frye,ORL,24.9,0.202255033557047,0.134872483221476,0.0464429530201342,0.0209395973154362,0.103530661003451,0.0321285140562249,0.283841807909605,0.327909604519774
Deron Williams,BKN,31.1,0.466723932235743,0.209267477928895,0.220711047482701,0.036745406824147,0.0787304963088689,0.209003215434084,0.194241672572643,0.22834868887314
Danny Granger,MIA,20.4,0.221312607944732,0.153955094991364,0.0466321243523316,0.0207253886010363,0.0936475729670673,0.0294117647058824,0.364580777096115,0.413660531697342
Gerald Green,PHX,19.5,0.375645756457565,0.27869842334787,0.062059711506206,0.0348876216034888,0.0928737274513306,0.0663265306122449,0.47774583093732,0.537550316273721
Nate Robinson,DEN,14.1,0.427234042553192,0.235744680851064,0.168085106382979,0.0234042553191489,0.0547808764940239,0.163120567375887,0.262310606060606,0.288352272727273
Jarrett Jack,BKN,28,0.432332584269663,0.206040449438202,0.183370786516854,0.0429213483146067,0.099278541281161,0.188612099644128,0.20687725631769,0.249972924187726
Jason Maxiell,CHA,14.4,0.175666094911378,0.127638650657519,0.0314465408805031,0.0165809033733562,0.094388751464653,0.0208333333333333,0.463249636854119,0.523428097115584
Ian Mahinmi,IND,18.8,0.182325991189427,0.113162995594714,0.0431718061674009,0.0259911894273128,0.142553397119938,0.0319148936170213,0.316627634660421,0.389350425243436
David Lee,GSW,18.5,0.317813163481953,0.190424628450106,0.101380042462845,0.0260084925690021,0.0818357939742134,0.0486486486486487,0.297627343620375,0.33827775012444
Brandon Bass,BOS,23.5,0.281250953470633,0.197599796592932,0.0625476735316552,0.0211034833460463,0.0750343530773125,0.0425531914893617,0.412067868504772,0.456076352067869
CJ Miles,IND,26.3,0.307113374430448,0.240643259179845,0.0469043151969981,0.0195658000536049,0.0637087202401731,0.0381679389312977,0.442285714285714,0.478246305418719
Ersan Ilyasova,MIL,22.7,0.289770762871101,0.227012401352875,0.045847425779782,0.0169109357384442,0.0583597032733309,0.0305676855895196,0.500729442970822,0.53803050397878
Monta Ellis,DAL,33.7,0.429763580581122,0.26842086266017,0.125609095831077,0.0357336220898755,0.0831471620781751,0.100890207715134,0.356159003831418,0.403572796934866
Lou Williams,TOR,25.2,0.384185816654312,0.272251050160613,0.0869780084012849,0.0249567580924141,0.0649601234885516,0.107142857142857,0.382569444444444,0.417638888888889
Amir Johnson,TOR,26.4,0.231216044681391,0.146169078446306,0.0571210967250571,0.0279258695100279,0.120778251130924,0.0340909090909091,0.32255462184874,0.384179271708683
Marcin Gortat,WAS,29.9,0.234973779749899,0.171843485276321,0.0429608713190803,0.0201694231544978,0.0858369098712446,0.0334448160535117,0.45771999570216,0.511442999892554
Ronnie Price,LAL,22.8,0.327668184117349,0.122812341932221,0.178553363682347,0.026302478502782,0.0802716887928373,0.161572052401747,0.131927841773528,0.160182569006738
Jose Calderon,NYK,30.2,0.340337892196299,0.148061142397426,0.162107803700724,0.0301689460981496,0.0886440998487141,0.146666666666667,0.138887631122179,0.167187382084371
Alan Anderson,BKN,23.6,0.209790048892724,0.139327006039689,0.0532067874604544,0.0172562553925798,0.0822548804562404,0.038135593220339,0.351961639058413,0.395553618134263
Charles Hayes,TOR,8.8,0.178467583497053,0.0998821218074656,0.0628683693516699,0.0157170923379175,0.0880669308674593,0.0227272727272727,0.330774235523748,0.382823682498374
John Lucas III,DET,12.9,0.488,0.202285714285714,0.255238095238095,0.0304761904761905,0.0624512099921936,0.253846153846154,0.167455061494797,0.192683695994954
Tim Duncan,SAS,28.9,0.338630013519603,0.215376295628662,0.0937359170797657,0.0295178008111762,0.0871682946953767,0.0551724137931035,0.334595862358666,0.380452970210383
Vince Carter,MEM,16.5,0.279815327793167,0.199021237303786,0.0609418282548476,0.0198522622345337,0.0709477296726505,0.0424242424242424,0.334949494949495,0.368360528360528
Dirk Nowitzki,DAL,29.6,0.336791958041958,0.259868881118881,0.0590034965034965,0.0179195804195804,0.0532066754911885,0.0405405405405405,0.462384322264562,0.494268605645851
Paul Pierce,WAS,26.2,0.283286264441592,0.19214377406932,0.0675224646983312,0.023620025673941,0.0833786478158419,0.0419847328244275,0.403624204508683,0.453241290044224
Elton Brand,ATL,13.5,0.188274428274428,0.109272349272349,0.0602910602910603,0.0187110187110187,0.0993816254416961,0.0298507462686567,0.222900763358779,0.261068702290076
Andre Miller,SAC,20.7,0.415588932806324,0.130213438735178,0.239525691699605,0.0458498023715415,0.110324887772959,0.217391304347826,0.132945924132365,0.179757869249395
Andre Miller,WAS,12.4,0.40735516372796,0.133635600335852,0.235096557514694,0.0386230058774139,0.0948140819523456,0.209677419354839,0.111059939990231,0.143158188542321
Shawn Marion,CLE,19.3,0.192430939226519,0.129815837937385,0.0474217311233886,0.0151933701657459,0.0789549239161642,0.0310880829015544,0.296207584830339,0.33087509192142
Jason Terry,HOU,21.3,0.261807546066101,0.136624744077216,0.103539046504826,0.0216437554840597,0.0826704799356511,0.0938967136150235,0.203573607600453,0.235823237165519
Manu Ginobili,SAS,22.7,0.436470221390708,0.211649516682258,0.176800748362956,0.0480199563454942,0.110018860376064,0.110132158590308,0.233090659340659,0.285975274725275
Andrea Bargnani,NYK,27.1,0.360876288659794,0.262938144329897,0.0708762886597938,0.0270618556701031,0.0749892872446793,0.051660516605166,0.413874239350913,0.456470588235294
LaMarcus Aldridge,POR,35.4,0.397915593421835,0.311923915197147,0.0618189023182088,0.0241727759064791,0.0607485012050113,0.0564971751412429,0.538178586079584,0.579885136059073
Randy Foye,DEN,21.7,0.336687444345503,0.189759572573464,0.120213713268032,0.0267141585040071,0.0793440888653795,0.091743119266055,0.312234432234432,0.356190476190476
Rudy Gay,SAC,35.4,0.395973263115252,0.261073526433057,0.0978326919181689,0.0370670447640267,0.0936099686943711,0.0790960451977401,0.409388895947148,0.467513657730911
JJ Redick,LAC,30.9,0.286508779093508,0.209742752143732,0.0573703552470396,0.0193956717027358,0.0676966051933985,0.0355987055016181,0.380658070253446,0.415858900251964
Thabo Sefolosha,ATL,18.8,0.234587869362364,0.142312078797304,0.0725764644893727,0.0196993260756869,0.0839741889861222,0.0483870967741935,0.228538128538129,0.26017316017316
Shawne Williams,MIA,21,0.205175936435868,0.144449489216799,0.0476730987514188,0.0130533484676504,0.0636202699712326,0.0334928229665072,0.316095380029806,0.344659711872827
Rajon Rondo,BOS,31.8,0.517249829816201,0.146929884275017,0.31926480599047,0.0510551395507148,0.0987049905243209,0.20440251572327,0.127580092209481,0.171911573472042
Rajon Rondo,DAL,28.7,0.44445765230312,0.172169390787519,0.222139673105498,0.050148588410104,0.11283097084782,0.181184668989547,0.174621354833848,0.225484138346771
Kyle Lowry,TOR,34.5,0.463386897404203,0.24315615986815,0.184590028842192,0.0356407086938607,0.0769135012092759,0.185507246376812,0.244719054530375,0.280588845117147
Jordan Farmar,LAC,14.7,0.331616541353383,0.153045112781955,0.148496240601504,0.0300751879699248,0.0906926652306995,0.163265306122449,0.163888888888889,0.19609500805153
Joel Freeland,POR,12.8,0.188206785137318,0.130856219709208,0.0387722132471729,0.018578352180937,0.0987124463519313,0.03125,0.45,0.513888888888889
PJ Tucker,PHX,30.6,0.214445357436319,0.135357436318817,0.05936729663106,0.0197206244864421,0.0919610698137788,0.0392156862745098,0.287336473050759,0.329199372056515
Paul Millsap,ATL,32.7,0.351694985495234,0.223431413178616,0.0938665561541649,0.0343970161624534,0.097803544494721,0.0644171779141104,0.346736124509615,0.40011576307158
Ryan Hollins,SAC,9.6,0.177385474860335,0.118167597765363,0.0312849162011173,0.0279329608938547,0.157470395565634,0.03125,0.376906628652887,0.46600142551675
Lou Amundson,NYK,20.9,0.287800237812128,0.165921521997622,0.0879904875148633,0.0338882282996433,0.117749132374814,0.0476190476190476,0.342051722024758,0.411913224659885
Jose Juan Barea,DAL,17.7,0.436482707873436,0.212420897718911,0.198307579102281,0.0257542310522443,0.0590040122728345,0.180790960451977,0.221839698762776,0.24873587950511
Kevin Durant,OKC,33.8,0.442362780972295,0.283450078410873,0.120230005227392,0.0386826973340303,0.0874456418982794,0.0825958702064897,0.412381169670697,0.468659213628413
Al Horford,ATL,30.5,0.33701447396846,0.221870814430763,0.0935407215381292,0.0216029379995679,0.0641009204892182,0.0460526315789474,0.336999606247539,0.369812311326946
Mike Conley,MEM,31.8,0.449440366972477,0.227422018348624,0.186238532110092,0.0357798165137615,0.0796097083018637,0.213836477987421,0.196738095238095,0.227690476190476
Jeff Green,BOS,33.1,0.322964912280702,0.236122807017544,0.062280701754386,0.0245614035087719,0.0760497582704112,0.0513595166163142,0.396932831969328,0.438221632382216
Jeff Green,MEM,30.3,0.290926976920166,0.209958380628074,0.0612939841089671,0.0196746121831252,0.0676273214378609,0.053156146179402,0.337850837138508,0.369509893455099
Corey Brewer,HOU,25.1,0.309184890656064,0.21375745526839,0.0685884691848907,0.0268389662027833,0.0868055555555556,0.0396825396825397,0.394520547945205,0.444055772994129
Corey Brewer,MIN,28.3,0.330014184397163,0.183914893617021,0.11063829787234,0.0354609929078014,0.107452935614201,0.0629370629370629,0.295218579234973,0.352140255009107
Brandan Wright,DAL,18.7,0.194178217821782,0.154574257425743,0.0267326732673267,0.0128712871287129,0.0662859473791556,0.0267379679144385,0.444786324786325,0.481823361823362
Brandan Wright,PHX,21.5,0.176226197345643,0.13467974610502,0.0323139065204847,0.00923254472013849,0.0523903077930583,0.027906976744186,0.399657534246575,0.427054794520548
Joakim Noah,CHI,30.6,0.306791063098453,0.123633685244292,0.152958507242819,0.030198870611343,0.0984346489964468,0.059016393442623,0.194710385894362,0.242270512721367
Spencer Hawes,LAC,17.5,0.272482380579483,0.174205168363352,0.0743931088488645,0.023884103367267,0.0876537533049776,0.04,0.336728979035798,0.382895633088625
Thaddeus Young,BKN,29.6,0.293081607795372,0.218172959805116,0.0493300852618758,0.02557856272838,0.0872745407696783,0.0471380471380471,0.488331515812432,0.545583424209378
Thaddeus Young,MIN,33.4,0.336345679012346,0.215358024691358,0.0978395061728395,0.0231481481481481,0.0688224930259874,0.056547619047619,0.377575757575758,0.418160173160173
Rodney Stuckey,IND,26.4,0.384173354735152,0.227137506688068,0.125468164794007,0.0315676832530765,0.0821704130804156,0.109848484848485,0.286770020603236,0.326625460195224
Nick Young,LAL,23.8,0.328967551622419,0.266037364798427,0.0412979351032448,0.0216322517207473,0.0657580105212817,0.0669456066945607,0.521611721611722,0.564025448235975
Marco Belinelli,SAS,22.4,0.274967462039046,0.185668835864064,0.0672451193058568,0.0220535068691251,0.0802040601661933,0.0580357142857143,0.273373788991802,0.30584477802619
Jason Smith,NYK,21.8,0.305360824742268,0.188808705612829,0.0867697594501718,0.0297823596792669,0.0975316978017856,0.0502283105022831,0.29669696696967,0.34349743497435
Jared Dudley,MIL,23.8,0.232256934306569,0.132110948905109,0.082043795620438,0.0181021897810219,0.0779403630512395,0.0294117647058823,0.268566001899335,0.305365622032289
Wilson Chandler,DEN,31.7,0.291021696252465,0.204631163708087,0.0646942800788955,0.0216962524654832,0.074552010193293,0.0504731861198738,0.380029304029304,0.420322344322344
Aaron Brooks,CHI,23,0.443907427341227,0.240462863293864,0.161194833153929,0.0422497308934338,0.0951768956570237,0.200873362445415,0.227496308366006,0.267467793675849
Arron Afflalo,DEN,33,0.291078129375525,0.20258751050126,0.0652478297395687,0.0232427891346962,0.0798506888324482,0.0483383685800604,0.411138895203455,0.45830870652421
Arron Afflalo,POR,30.1,0.24411214953271,0.165340453938585,0.0567423230974633,0.0220293724966622,0.0902428352658062,0.0431893687707641,0.353828571428571,0.400971428571429
Tiago Splitter,SAS,19.8,0.272718446601942,0.172718446601942,0.070873786407767,0.029126213592233,0.106799572801709,0.0404040404040404,0.324279985417426,0.378964637258476
Carl Landry,SAC,17,0.229904206580591,0.181174510620575,0.0262390670553936,0.0224906289046231,0.0978260869565217,0.0352941176470588,0.443877551020408,0.498979591836735
Glen Davis,LAC,12.2,0.234437086092715,0.163796909492274,0.0491169977924945,0.021523178807947,0.0918079096045198,0.032520325203252,0.378378378378378,0.428097909229985
Josh McRoberts,MIA,17.4,0.269624329159213,0.105044722719141,0.125223613595707,0.0393559928443649,0.145966029723992,0.0568181818181818,0.173573751108484,0.238604788649128
Marc Gasol,MEM,33.2,0.392252183820737,0.240334219521458,0.118496012153437,0.0334219521458412,0.0852052672347018,0.0602409638554217,0.34721536351166,0.395500685871056
Ramon Sessions,SAC,17.8,0.395661124307205,0.175550277117973,0.179730799683294,0.0403800475059382,0.102057152005123,0.209039548022599,0.158326192516424,0.194744358754642
Ramon Sessions,WAS,19.5,0.368450184501845,0.17380073800738,0.162361623616236,0.0322878228782288,0.0876314471707561,0.158974358974359,0.181363111282249,0.215055833654216
Joel Anthony,DET,8.3,0.1300878293601,0.0899372647427854,0.0250941028858218,0.0150564617314931,0.115740740740741,0.0240963855421687,0.430252100840336,0.502280912364946
CJ Watson,IND,24.9,0.357210270645385,0.170187369882026,0.152324774462179,0.0346981263011797,0.0971364183859813,0.184738955823293,0.164215883219499,0.197696531404848
Anthony Tolliver,DET,22.3,0.211882556131261,0.149706390328152,0.0449050086355786,0.0172711571675302,0.0815128790348875,0.03125,0.392217194570136,0.437466063348416
Anthony Tolliver,PHX,11.3,0.20865831842576,0.137101967799642,0.0518783542039356,0.0196779964221825,0.0943072702331962,0.0175438596491228,0.354814814814815,0.405740740740741
Michael Beasley,MIA,21,0.317267326732673,0.221227722772277,0.0594059405940594,0.0366336633663366,0.115466233928349,0.052132701421801,0.394491525423729,0.459816384180791
O.J. Mayo,MIL,23.9,0.362556867261733,0.21945292254535,0.10624820040311,0.0368557443132738,0.101655071635058,0.0504201680672269,0.37144110336761,0.433822311028803
Derrick Rose,CHI,30,0.515407932924863,0.295801354401806,0.167687842631409,0.0519187358916479,0.100733288284906,0.206666666666667,0.259911594695682,0.305530998526578
Russell Westbrook,OKC,34.4,0.655294117647059,0.364283347141674,0.230323115161558,0.0606876553438277,0.0926113232356437,0.224489795918367,0.326900986970502,0.381360941246445
Kevin Love,CLE,33.8,0.307571028411365,0.218735494197679,0.0644257703081232,0.0244097639055622,0.0793630142333012,0.0504451038575668,0.392898472596586,0.436743935309973
Danilo Gallinari,DEN,24.2,0.303518203470568,0.221857774753317,0.0622660768969037,0.0193943518203471,0.0638984798887942,0.0537190082644628,0.440299817678439,0.47878992504558
Eric Gordon,NOP,33.1,0.342291242362525,0.191578411405295,0.119653767820774,0.0310590631364562,0.0907387022878053,0.0694864048338368,0.334319605491137,0.388520147496557
D.J. Augustin,DET,23.8,0.481827491138243,0.210854667191808,0.227648680582907,0.0433241433635289,0.0899162961025373,0.246861924686193,0.179602791196994,0.216505636070853
D.J. Augustin,OKC,24.2,0.32031541218638,0.144688172043011,0.150537634408602,0.025089605734767,0.0783278130874586,0.145228215767635,0.17976487353046,0.210936943355896
Brook Lopez,BKN,29.2,0.322800769971126,0.266496631376323,0.0312800769971126,0.0250240615976901,0.0775216911655088,0.0376712328767123,0.612859672421425,0.670407259849491
Jerryd Bayless,MIL,22.3,0.363931924882629,0.169096244131455,0.15580985915493,0.0390258215962441,0.107233850420873,0.157657657657658,0.187572828174332,0.230862871464375
Jason Thompson,SAC,24.6,0.187014406358669,0.12193740685544,0.0442126179831098,0.0208643815201192,0.111565637783563,0.0326530612244898,0.386034442085398,0.452087756546355
Brandon Rush,GSW,8.2,0.160068965517241,0.101448275862069,0.0396551724137931,0.0189655172413793,0.118483412322275,0.0365853658536585,0.220127197904976,0.261279461279461
Robin Lopez,POR,27.8,0.215168608215819,0.151097486204782,0.0416922133660331,0.0223789086450031,0.104006382857469,0.0251798561151079,0.488532064624839,0.56088809594608
Marreese Speights,GSW,15.9,0.367336448598131,0.282056074766355,0.0533489096573209,0.0319314641744548,0.0869270237035152,0.0377358490566038,0.498980435381648,0.555469826398457
Roy Hibbert,IND,25.3,0.286331392271043,0.211688724192695,0.0463208046585495,0.0283218634197988,0.0989128827096583,0.0434782608695652,0.457528604118993,0.518741418764302
JJ Hickson,DEN,19.3,0.263310249307479,0.189556786703601,0.0405124653739612,0.0332409972299169,0.126242701593814,0.0309278350515464,0.493366979091565,0.579884643114636
Alexis Ajinca,NOP,14.1,0.289219006007646,0.203473511742217,0.0480611687602403,0.0376843255051884,0.130296850215273,0.0425531914893617,0.472312373225152,0.559787018255578
Ryan Anderson,NOP,27.5,0.298609756097561,0.242512195121951,0.0371951219512195,0.0189024390243902,0.063301478395818,0.04,0.486567164179105,0.524492292635185
Courtney Lee,MEM,30.6,0.237155247181266,0.15172593235039,0.0685169124024285,0.0169124024284475,0.0713136337039204,0.0457516339869281,0.268076466306555,0.297958089108532
Kosta Koufos,MEM,16.6,0.209939301972686,0.15,0.033763277693475,0.0261760242792109,0.124683773039393,0.0301204819277108,0.396868413128576,0.466124661246612
Serge Ibaka,OKC,33.1,0.244068582020389,0.193327154772938,0.0282669138090825,0.0224745134383689,0.0920827795709132,0.0362537764350453,0.446489726027397,0.498394691780822
Nicolas Batum,POR,33.5,0.295820149875104,0.133871773522065,0.134471273938385,0.0274771024146545,0.0928844854762441,0.0626865671641791,0.200843196652197,0.242066144092939
George Hill,IND,29.5,0.453642172523962,0.238785942492013,0.187300319488818,0.027555910543131,0.0607437143460807,0.210884353741497,0.217607453506569,0.242719365287331
Darrell Arthur,DEN,17,0.286324033284386,0.200665687714146,0.0626529613313754,0.0230053842388644,0.0803473741794311,0.0292397660818713,0.465018148820327,0.518330308529946
Nikola Pekovic,MIN,26.3,0.309289215686274,0.235759803921569,0.0477941176470588,0.0257352941176471,0.0832078611617402,0.0343511450381679,0.599594826242793,0.665045971637837
Joey Dorsey,HOU,12.4,0.167990996060777,0.102149690489589,0.0427687113111987,0.0230725942599887,0.137344231542275,0.032,0.370524596856501,0.454215145948153
Mario Chalmers,MIA,29.6,0.352632260850788,0.168438782120492,0.14683653638523,0.0373569423450659,0.105937392837897,0.141414141414141,0.190439453125,0.23267578125
DeAndre Jordan,LAC,34.4,0.16981703026038,0.130408163265306,0.0202322308233638,0.0191766361717101,0.112925282831213,0.0261627906976744,0.49667649423747,0.569713213615653
Omer Asik,NOP,26.1,0.191057967247206,0.13283077722901,0.0335326228229789,0.0246945671952171,0.129251700680272,0.0344827586206897,0.420230263157895,0.498355263157895
Luc Mbah a Moute,PHI,28.6,0.276611398963731,0.183347150259067,0.0676165803108808,0.0256476683937824,0.0927209380736523,0.0491228070175439,0.313441693609106,0.357287745250011
Goran Dragic,MIA,34.8,0.400975069252078,0.204299168975069,0.16398891966759,0.0326869806094183,0.0815187354924284,0.180515759312321,0.19349354601742,0.224451673837758
Goran Dragic,PHX,33.4,0.363666574356134,0.203877042370535,0.128219329825533,0.0315702021600665,0.0868108437404813,0.116766467065868,0.26315413211324,0.303903345724907
Henry Walker,MIA,26.1,0.218960831334932,0.140623501199041,0.0591526778577138,0.0191846522781775,0.0876168224299066,0.0343511450381679,0.29203187250996,0.331872509960159
Anthony Morrow,OKC,24.4,0.218136779752289,0.176133548734518,0.0317716747442111,0.0102315562735595,0.0469043151969981,0.0245901639344262,0.437623762376238,0.463045223441263
Blake Griffin,LAC,35.2,0.449104258443466,0.279395846444305,0.137822529893014,0.0318858821061464,0.0709988415978476,0.0738636363636364,0.337500950257203,0.37601804221676
James Harden,HOU,36.8,0.536815079623009,0.297783555411115,0.186870328241794,0.0521611959701008,0.0971679037159912,0.16304347826087,0.35572637627145,0.418037114682817
Tyreke Evans,NOP,34,0.500293054234063,0.246058991436727,0.207421503330162,0.0468125594671741,0.0935702766028664,0.187683284457478,0.253368342673512,0.30157150135204
Ricky Rubio,MIN,31.5,0.511485148514851,0.176973125884017,0.289250353606789,0.0452616690240453,0.0884906808251756,0.244444444444444,0.162959103933316,0.204636624120865
Stephen Curry,GSW,32.7,0.518528884104772,0.267183351273771,0.206673842841765,0.0446716899892357,0.0861508227576567,0.155963302752294,0.266323319027182,0.31085121602289
Jordan Hill,LAL,26.8,0.313766508188061,0.224754358161648,0.0610142630744849,0.0279978869519282,0.0892315980874133,0.0522388059701493,0.484302788844621,0.544632896983495
DeMar DeRozan,TOR,35,0.432708083473255,0.283271767810026,0.116574718157832,0.032861597505397,0.0759440342357924,0.0942857142857143,0.384427083333333,0.4290234375
Brandon Jennings,DET,28.6,0.524176842105263,0.255124210526316,0.231157894736842,0.0378947368421053,0.0722938020113742,0.244755244755245,0.218294484274237,0.250718737615737
Gerald Henderson,CHA,28.9,0.321043705153294,0.204931506849315,0.0921939552076538,0.0239182430963253,0.0745015171218032,0.0551724137931035,0.306,0.341714285714286
Tyler Hansbrough,TOR,14.3,0.139634263715111,0.1088354186718,0.0211742059672762,0.00962463907603465,0.068927488282327,0.020979020979021,0.386862812179268,0.421074238795758
Austin Daye,SAS,10.3,0.292290909090909,0.212290909090909,0.0472727272727273,0.0327272727272727,0.111968151281413,0.0485436893203883,0.350841346153846,0.404927884615385
James Johnson,TOR,19.6,0.263075229357798,0.164726605504587,0.0693577981651376,0.0289908256880734,0.110199754491686,0.0459183673469388,0.350413739266198,0.412084309133489
Jrue Holiday,NOP,32.6,0.446756652526032,0.218835325877362,0.192826841496336,0.0350944851523332,0.0785539173371085,0.190184049079755,0.234867549668874,0.272533112582781
Ty Lawson,DEN,35.5,0.503828251849179,0.195872271333213,0.274580552047628,0.0333754284683384,0.06624366209287,0.205056179775281,0.19722434150772,0.230830154405086
Jeff Teague,ATL,30.5,0.503174182139699,0.227091069849691,0.230769230769231,0.0453138815207781,0.0900560544026428,0.191419141914191,0.20696212731668,0.24825946817083
Darren Collison,SAC,34.8,0.390170860515688,0.196011183597391,0.159366262814539,0.0347934141037589,0.0891748144845377,0.198275862068966,0.194740740740741,0.229308641975309
Omri Casspi,SAC,21.1,0.282382920110193,0.175977961432507,0.0761019283746557,0.0303030303030303,0.107311838446905,0.0473933649289099,0.311325007614986,0.36493451111788
Taj Gibson,CHI,27.3,0.248931804465902,0.177115268557634,0.0485817742908871,0.0232347616173808,0.0933378588052754,0.032967032967033,0.415223542727787,0.469694397283531
DeMarre Carroll,ATL,31.3,0.238153846153846,0.165755656108597,0.0554298642533937,0.0169683257918552,0.07124943000456,0.045016077170418,0.282110127069696,0.310989603388525
Wayne Ellington,LAL,25.8,0.27802513464991,0.193046080191502,0.0700179533213645,0.0149611011370437,0.0538120452882173,0.062015503875969,0.362245929253229,0.390320044918585
Jeff Ayres,SAS,7.5,0.228322324966975,0.146420079260238,0.047556142668428,0.0343461030383091,0.150428141633881,0.04,0.329292929292929,0.406535947712418
Dante Cunningham,NOP,25,0.155196479094624,0.113071361207168,0.0311222885884942,0.0110028292989626,0.0708961270458597,0.0199203187250996,0.356189344424639,0.390849673202614
Jonas Jerebko,BOS,18.2,0.262406015037594,0.182518796992481,0.0629699248120301,0.0169172932330827,0.0644699140401146,0.0384615384615385,0.380485893416928,0.415752351097179
Jonas Jerebko,DET,15.3,0.245510204081633,0.155860058309038,0.0706997084548105,0.0189504373177843,0.0771879824248902,0.0392156862745098,0.3058352402746,0.343020594965675
Jodie Meeks,DET,24.4,0.286684969114619,0.207412491420728,0.0597117364447495,0.0195607412491421,0.0682307876466363,0.0327868852459016,0.416253443526171,0.455509641873278
Patrick Beverley,HOU,30.8,0.295970695970696,0.157340095801634,0.115243730628346,0.0233868695407157,0.079017517136329,0.12621359223301,0.196287964004499,0.225464004499438
Marcus Thornton,BOS,16.4,0.338503816793893,0.249954198473282,0.0717557251908397,0.016793893129771,0.0496121233988815,0.0548780487804878,0.430558842866535,0.459487179487179
Chase Budinger,MIN,19.2,0.240950555768494,0.16314296665389,0.0590264469145266,0.0187811422000767,0.0779460422499364,0.0257731958762887,0.363019189765458,0.404810234541578
Nick Calathes,MEM,14.4,0.384029038112523,0.16140350877193,0.185722928009679,0.0369026013309135,0.0960932577189666,0.173611111111111,0.163120567375887,0.200415749572023
Danny Green,SAS,28.5,0.256900432900433,0.171835497835498,0.0649350649350649,0.0201298701298701,0.0783566999191157,0.0491228070175439,0.270745515312734,0.302462314985335
Patty Mills,SAS,15.7,0.341053921568627,0.216666666666667,0.102941176470588,0.0214460784313725,0.0628817822493712,0.127388535031847,0.225108225108225,0.247389865036924
Garrett Temple,WAS,14.1,0.225148247978437,0.128787061994609,0.0734501347708895,0.022911051212938,0.101759846761643,0.0563380281690141,0.23712158808933,0.279305210918114
Wesley Matthews,POR,33.7,0.286118565503781,0.199024152232252,0.067333495974628,0.0197609172969017,0.0690654843110505,0.0443786982248521,0.359700176366843,0.395414462081129
Alonzo Gee,DEN,13.1,0.231698113207547,0.15622641509434,0.0518867924528302,0.0235849056603774,0.101791530944625,0.0305343511450382,0.362919132149901,0.417707648476879
John Wall,WAS,35.9,0.556297451898076,0.229724388975559,0.273877621771538,0.0526954411509794,0.0947252966397447,0.228412256267409,0.196206973129025,0.24121400547783
Evan Turner,BOS,27.6,0.408824546240277,0.174598098530683,0.191443388072602,0.0427830596369922,0.104648950339316,0.16,0.186278758817834,0.231924016782701
Derrick Favors,UTA,30.8,0.330994525547445,0.24271897810219,0.0606751824817518,0.0276003649635037,0.083386167544174,0.051948051948052,0.329049415548271,0.36646669552848
Wesley Johnson,LAL,29.5,0.235030946065429,0.163633952254642,0.0521662245800177,0.0192307692307692,0.0818222857572794,0.0304054054054054,0.366185199841709,0.409220419469727
DeMarcus Cousins,SAC,34.1,0.478934108527132,0.315901162790698,0.101501937984496,0.061531007751938,0.128474891757375,0.0796460176991151,0.453847492430307,0.542247589879233
Greg Monroe,DET,31,0.351076339497392,0.237278330962542,0.0784732100521574,0.0353247984826932,0.100618567839875,0.0578778135048231,0.463416215215076,0.532407278788721
Al-Farouq Aminu,DAL,18.5,0.215183850036049,0.147411679884643,0.0479452054794521,0.0198269646719539,0.0921396502043825,0.0324324324324324,0.373374726077429,0.423593864134405
Gordon Hayward,UTA,34.4,0.438157842944302,0.253942137374533,0.14367250541232,0.0405432001574493,0.0925310383240203,0.107558139534884,0.270771426173088,0.31400151095442
Cole Aldrich,NYK,16,0.29290728129911,0.172425353588266,0.0895756940806705,0.0309062336301729,0.105515415981115,0.0434782608695652,0.343698444189203,0.405304375065261
Ed Davis,LAL,23.3,0.217198697068404,0.149880564603692,0.0515743756786102,0.0157437567861021,0.0724855028994201,0.0343347639484979,0.44803635183382,0.495098993833171
Patrick Patterson,TOR,26.6,0.207981330221704,0.133068844807468,0.0623103850641774,0.0126021003500583,0.0605924596050269,0.0263157894736842,0.312866941015089,0.342496570644719
Larry Sanders,MIL,21.7,0.222229617304493,0.160665557404326,0.0382695507487521,0.0232945091514143,0.10482180293501,0.032258064516129,0.43613369467028,0.49936766034327
Luke Babbitt,NOP,13.2,0.163557168784029,0.121209921355112,0.0266182698124622,0.0157289776164549,0.0961680722000296,0.0229007633587786,0.361399711399711,0.408297258297258
Kevin Seraphin,WAS,15.6,0.304053601340033,0.203551088777219,0.059463986599665,0.0410385259631491,0.134971353018951,0.0448717948717949,0.410194092827004,0.492894514767932
Eric Bledsoe,PHX,34.6,0.437940360610264,0.21498613037448,0.175450762829404,0.04750346740638,0.108470174660734,0.167630057803468,0.231605685362619,0.282781419846473
Avery Bradley,BOS,31.5,0.290843806104129,0.210652304009575,0.0584480351087173,0.0217434669858368,0.0747599451303155,0.0444444444444444,0.419397116644823,0.462687159934866
Trevor Booker,UTA,19.8,0.27946648882961,0.176432144048016,0.0736912304101367,0.0293431143714572,0.104996897818928,0.0505050505050505,0.237507855283239,0.277008708142562
Quincy Pondexter,MEM,18,0.209867172675522,0.140607210626186,0.0597722960151803,0.0094876660341556,0.0452079566003617,0.0333333333333333,0.280681818181818,0.299621212121212
Quincy Pondexter,NOP,27.8,0.210607553366174,0.14,0.0537766830870279,0.0168308702791461,0.0799157960392952,0.03584229390681,0.305591397849462,0.342329749103943
Greivis Vasquez,TOR,24.3,0.370333418172563,0.191916518198015,0.148129294986002,0.0302876049885467,0.0817846932043105,0.193415637860082,0.186145946479708,0.215522859682038
Hassan Whiteside,MIA,23.8,0.235448460508701,0.203319946452477,0.00624721106648818,0.0258813029897367,0.109923432643469,0.0330578512396694,0.67322695035461,0.758924349881797
Lance Stephenson,CHA,25.8,0.394897959183673,0.190816326530612,0.163265306122449,0.0408163265306122,0.103359173126615,0.10077519379845,0.215600792649973,0.261718609259593
Jerome Jordan,BKN,8.7,0.222402088772846,0.14798955613577,0.0456919060052219,0.0287206266318538,0.129138295374501,0.0229885057471264,0.422354694485842,0.504321907600596
Jeremy Evans,UTA,7,0.212301740812379,0.136866537717602,0.0657640232108317,0.00967117988394584,0.0455539358600583,0.0285714285714286,0.290953947368421,0.311513157894737
Donald Sloan,IND,20.9,0.426227106227106,0.178058608058608,0.218406593406593,0.0297619047619048,0.0698264008250258,0.235576923076923,0.150355706773894,0.175487163625116
Timofey Mozgov,CLE,25,0.230688753269398,0.170531822144725,0.0300784655623365,0.0300784655623365,0.130385487528345,0.032,0.509242384795626,0.599062744077063
Timofey Mozgov,DEN,25.6,0.201898454746137,0.148918322295806,0.0270419426048565,0.0259381898454746,0.128471462934616,0.0350194552529183,0.430710295291301,0.505730247406225
Gary Neal,CHA,21.6,0.371889550622631,0.239783432593395,0.102328099621007,0.0297780184082296,0.0800722105753552,0.0783410138248848,0.314970485740701,0.354085769148709
Gary Neal,MIN,23.8,0.319924953095685,0.224240150093809,0.0769230769230769,0.0187617260787993,0.0586441473140981,0.0504201680672269,0.400939282120094,0.434485072123448
Jeremy Lin,LAL,25.8,0.420351602895553,0.199565667011375,0.177869700103413,0.0429162357807653,0.10209604408581,0.189922480620155,0.215970007274355,0.262413966761793
Ish Smith,PHI,27.1,0.518710601719198,0.245787965616046,0.223495702005731,0.0494269340974212,0.0952880737999227,0.206642066420664,0.21445,0.257575
Elijah Millsap,UTA,19.7,0.263507214206437,0.1530743618202,0.0732519422863485,0.037180910099889,0.141100160053913,0.0512820512820513,0.248683736025965,0.309087630724847
Lance Thomas,NYK,26,0.256105160662123,0.167984420642649,0.0603700097370983,0.0277507302823759,0.108356778952171,0.0458015267175573,0.250755813953488,0.29218023255814
Lance Thomas,OKC,20.5,0.228807339449541,0.161146788990826,0.0481651376146789,0.0194954128440367,0.0852044907778669,0.024390243902439,0.369206516027325,0.413872832369942
Kyrie Irving,CLE,36.4,0.437356958287191,0.257585825027685,0.145441122185308,0.0343300110741971,0.0784942606347063,0.168044077134986,0.272445095168375,0.308755490483162
Derrick Williams,SAC,19.8,0.242936877076412,0.18978073089701,0.0345514950166113,0.0186046511627907,0.0765822438597451,0.0355329949238579,0.446211529448524,0.489954694578972
Enes Kanter,OKC,31.1,0.299787985865724,0.233828032979976,0.0353356890459364,0.0306242638398115,0.102153072450102,0.0453074433656958,0.503985783193704,0.56999238385377
Enes Kanter,UTA,27.1,0.316498632278234,0.247721766314967,0.0324345447440406,0.0363423212192263,0.114826155669696,0.0520446096654275,0.350600077429346,0.402035285658979
Tristan Thompson,CLE,26.8,0.17872360176375,0.138575075423532,0.0208865165931771,0.0192620097470411,0.107775411624162,0.0261194029850746,0.452295106802,0.515164369034995
Jonas Valanciunas,TOR,26.2,0.230151917048469,0.186505907885218,0.0173619483964312,0.0262840607668194,0.114203092913122,0.0419847328244275,0.562093023255814,0.641308139534884
Bismack Biyombo,CHA,19.4,0.147783251231527,0.107963875205255,0.0184729064039409,0.0213464696223317,0.144444444444444,0.0154639175257732,0.533685064935065,0.639204545454545
Brandon Knight,MIL,32.5,0.454597101449275,0.240684057971014,0.165797101449275,0.0481159420289855,0.105843046239384,0.188271604938272,0.246426875593542,0.295690883190883
Brandon Knight,PHX,31.6,0.38186301369863,0.213369863013699,0.136986301369863,0.0315068493150685,0.0825082508250825,0.157728706624606,0.238785834738617,0.274045684500996
Kemba Walker,CHA,34.2,0.458655862726406,0.263469971401335,0.171353670162059,0.0238322211630124,0.0519610084592522,0.222222222222222,0.214830936649825,0.234263505635445
Jimmer Fredette,NOP,10.2,0.328866995073892,0.183054187192118,0.113300492610837,0.032512315270936,0.0988615937687238,0.107843137254902,0.279398496240602,0.329022556390977
Klay Thompson,GSW,31.9,0.380046332046332,0.272517374517375,0.0787644787644788,0.0287644787644788,0.0756867685305592,0.059375,0.45718172102212,0.505437704440198
Alec Burks,UTA,33.3,0.338942528735632,0.205034482758621,0.104022988505747,0.0298850574712644,0.088171459576777,0.0900900900900901,0.227816091954023,0.261021711366539
Markieff Morris,PHX,31.5,0.336178079607621,0.22676476136578,0.0773438973778532,0.0320694208639879,0.0953941461662776,0.0444444444444444,0.415283631589857,0.474013680646721
Marcus Morris,PHX,25.2,0.270583194477505,0.19345870030945,0.0597476791240181,0.0173768150440371,0.0642198606516996,0.0434782608695652,0.395022844366676,0.4305045202683
Kawhi Leonard,SAS,31.8,0.339111656441718,0.228927607361963,0.0863803680981595,0.0238036809815951,0.0701942281529511,0.0691823899371069,0.346229216152019,0.382229809976247
Nikola Vucevic,ORL,34.2,0.355859621451104,0.256687697160883,0.0699921135646688,0.029179810725552,0.0819980940983534,0.0439882697947214,0.494199817795323,0.550379593076222
Iman Shumpert,CLE,24.2,0.243863134657837,0.147836644591611,0.0689845474613687,0.0270419426048565,0.110889834344166,0.0454545454545455,0.314708646616541,0.372274436090226
Iman Shumpert,NYK,26,0.362504173622704,0.193055091819699,0.134390651085142,0.0350584307178631,0.0967117988394584,0.0961538461538462,0.190825082508251,0.225478547854785
Tobias Harris,ORL,34.8,0.297014609358459,0.223756087232691,0.0489095913614228,0.0243489307643447,0.0819788993441688,0.0517241379310345,0.404718137254902,0.448759191176471
Donatas Motiejunas,HOU,28.7,0.283663461538462,0.185826923076923,0.0682692307692308,0.0295673076923077,0.104233754787973,0.0418118466898955,0.351222171740118,0.407105860972285
Kenneth Faried,DEN,27.8,0.273833177132146,0.202136832239925,0.0440487347703843,0.0276476101218369,0.100965158463961,0.03584229390681,0.530089093701997,0.602592933947773
Nikola Mirotic,CHI,20.2,0.310543014032947,0.228480780964002,0.0549115314215985,0.0271507016473459,0.0874297614837518,0.05,0.430832949838932,0.482029452369995
Reggie Jackson,DET,32.2,0.607892586106246,0.27164039696439,0.280793928779918,0.0554582603619381,0.0912303614642953,0.253869969040248,0.233524038944093,0.281200441634046
Reggie Jackson,OKC,28,0.425624553890078,0.223625981441827,0.169521770164168,0.0324768022840828,0.0763038738889821,0.167857142857143,0.248158415841584,0.28419801980198
Norris Cole,MIA,24.4,0.336951945080092,0.149308924485126,0.161098398169336,0.0265446224256293,0.0787786591328914,0.172839506172839,0.143119105066901,0.168563281421364
Norris Cole,NOP,24.4,0.381582952815829,0.203500761035008,0.146879756468798,0.0312024353120244,0.0817710410849621,0.200819672131148,0.208971553610503,0.241012816505158
Cory Joseph,SAS,18.3,0.325357643758766,0.16617110799439,0.135694249649369,0.023492286115007,0.0722045003879645,0.14207650273224,0.165717882369396,0.189146094132457
Jimmy Butler,CHI,38.7,0.331070998796631,0.223770557561171,0.0886482150020056,0.0186522262334537,0.0563390520500145,0.0645994832041344,0.355381430164039,0.385003981525721
Bojan Bogdanovic,BKN,23.8,0.233544165757906,0.169749182115594,0.0425299890948746,0.0212649945474373,0.0910534180052297,0.0294117647058823,0.405206299622543,0.45596772094234
Kyle Singler,DET,23.8,0.208951048951049,0.142128982128982,0.0505050505050505,0.0163170163170163,0.0780901383311022,0.0292887029288703,0.321081270844304,0.357942776900123
Kyle Singler,OKC,17.6,0.158270042194093,0.108691983122363,0.0358649789029536,0.0137130801687764,0.0866435617168755,0.0228571428571429,0.314529914529915,0.354212454212454
Shelvin Mack,ATL,15.1,0.409756690997567,0.185912408759124,0.194038929440389,0.0298053527980535,0.0727391485066207,0.139072847682119,0.187107438016529,0.217104377104377
Chandler Parsons,DAL,33.1,0.303753929052537,0.205190839694656,0.0770094297260889,0.0215536596317916,0.0709576323803329,0.054380664652568,0.347049441786284,0.383504215083162
Jon Leuer,MEM,13.1,0.270693677102517,0.183523634131369,0.0656844689993861,0.0214855739717618,0.0793722786647315,0.0381679389312977,0.398772842470321,0.445458183273309
Darius Morris,BKN,7.9,0.431672354948805,0.187645051194539,0.208191126279863,0.0358361774744027,0.0830170777988615,0.20253164556962,0.179731938542007,0.214056881333769
Lavoy Allen,IND,17,0.247719962157048,0.151220435193945,0.0775780510879849,0.0189214758751183,0.0763825236785823,0.0355029585798817,0.327373271889401,0.368335893497184
E'Twaun Moore,CHI,9,0.2348,0.1478,0.073,0.014,0.0596252129471891,0.0795454545454545,0.244378306878307,0.267526455026455
Isaiah Thomas,BOS,25.9,0.590017953321364,0.309946140035907,0.231597845601436,0.0484739676840215,0.0821567672833496,0.211538461538462,0.267783465177602,0.309663409337676
Isaiah Thomas,PHX,25.7,0.435002048340844,0.247783695206882,0.150757886112249,0.0364604670217124,0.0838167708882694,0.171206225680934,0.25985564529988,0.29809245574841
Greg Smith,DAL,8.6,0.13595567867036,0.0916343490304709,0.0290858725761773,0.0152354570637119,0.112061939690302,0.0232558139534884,0.366334440753045,0.427242524916944
Anthony Davis,NOP,36.1,0.368355113047086,0.290777846919726,0.0578718108276291,0.0197054552997303,0.0534958104333724,0.0497237569060773,0.555668305057872,0.59332487712066
Michael Kidd-Gilchrist,CHA,28.9,0.254239645905786,0.182156180840974,0.0521656655074297,0.0199177995573822,0.0783426183844011,0.041522491349481,0.367566188197767,0.407757575757576
Bradley Beal,WAS,33.5,0.343285984848485,0.21875946969697,0.095407196969697,0.0291193181818182,0.0848252462001048,0.0688622754491018,0.309436742348135,0.350626213917353
Dion Waiters,CLE,23.8,0.35395498392283,0.236913183279743,0.084887459807074,0.0321543408360129,0.090843023255814,0.0759493670886076,0.353279631760644,0.401227464518604
Dion Waiters,OKC,30.3,0.310868686868687,0.219959595959596,0.0696969696969697,0.0212121212121212,0.0682349883025734,0.0629139072847682,0.428999211977935,0.47037037037037
Thomas Robinson,PHI,18.5,0.305058548009368,0.227775175644028,0.0468384074941452,0.0304449648711944,0.0998003992015968,0.0594594594594595,0.391230893000804,0.443523732904264
Thomas Robinson,POR,12.2,0.219848484848485,0.141565656565657,0.0366161616161616,0.0416666666666667,0.189524465885596,0.0327868852459016,0.486631944444444,0.629861111111111
Damian Lillard,POR,35.7,0.478111413043478,0.260720108695652,0.1796875,0.0377038043478261,0.0788598709824093,0.218487394957983,0.250951415680377,0.287242529261754
Terrence Ross,TOR,25.5,0.244411124546554,0.188062877871826,0.0396614268440145,0.0166868198307134,0.0682735692234624,0.0352941176470588,0.462605591909578,0.50365258774539
Andre Drummond,DET,30.5,0.270244099253581,0.226265886624975,0.0197700221908412,0.0242081904377648,0.0895789787996417,0.0295081967213115,0.694317196979076,0.768602203788535
Harrison Barnes,GSW,28.3,0.213610197368421,0.1484375,0.0505756578947368,0.0145970394736842,0.068334937439846,0.0422535211267606,0.327318886571765,0.35950675491885
Austin Rivers,LAC,19.3,0.309604519774011,0.187193973634652,0.100439422473321,0.0219711236660389,0.0709651257096513,0.113989637305699,0.269376693766938,0.300993676603433
Austin Rivers,NOP,22.1,0.295598149372108,0.167376074025116,0.108393919365499,0.0198281559814937,0.0670780788838208,0.149321266968326,0.217280137280137,0.243020163020163
Meyers Leonard,POR,15.4,0.228449704142012,0.153301775147929,0.0520710059171598,0.0230769230769231,0.101015333609615,0.0324675324675325,0.368011363636364,0.423409090909091
Jeremy Lamb,OKC,13.5,0.313665594855305,0.220418006430868,0.0715434083601286,0.0217041800643087,0.0691952844695028,0.0666666666666667,0.37159506708226,0.408185390974387
Kendall Marshall,MIL,14.9,0.369408866995074,0.129261083743842,0.197044334975369,0.0431034482758621,0.116682224296573,0.150326797385621,0.133877551020408,0.178520408163265
John Henson,MIL,18.3,0.245613747954173,0.166235679214403,0.0437806873977087,0.0355973813420622,0.144932364896382,0.0327868852459016,0.421102819237148,0.511276948590381
Maurice Harkless,ORL,15,0.185785609397944,0.129251101321586,0.0367107195301028,0.0198237885462555,0.106702497628833,0.0333333333333333,0.355636363636364,0.410181818181818
Tyler Zeller,BOS,21.1,0.286273624823695,0.197698166431594,0.0671368124118477,0.0214386459802539,0.0748886523984076,0.037914691943128,0.406991869918699,0.451126596980256
Terrence Jones,HOU,27,0.250060273972603,0.186498630136986,0.0432876712328767,0.0202739726027397,0.0810763432377947,0.0407407407407407,0.462508493001767,0.512787063459709
Andrew Nicholson,ORL,12.3,0.277605779153767,0.207430340557276,0.0454076367389061,0.0247678018575851,0.0892193308550186,0.032520325203252,0.440789473684211,0.493421052631579
Evan Fournier,ORL,28.6,0.297601453664446,0.193725015142338,0.0790430042398546,0.0248334342822532,0.0834452721129971,0.0627177700348432,0.345735596151767,0.390055129175224
Jared Sullinger,BOS,27,0.350895428929242,0.239436443331246,0.08703819661866,0.0244207889793363,0.0695956315357436,0.0518518518518519,0.40199747687132,0.442998317914214
John Jenkins,ATL,12.4,0.252652388797364,0.176869851729819,0.0626029654036244,0.0131795716639209,0.0521648408972353,0.0403225806451613,0.31952380952381,0.343333333333333
Tony Wroten,PHI,29.8,0.510412147505423,0.278308026030369,0.170824295010846,0.0612798264642082,0.120059498512537,0.157718120805369,0.244730567477349,0.29861707200763
Miles Plumlee,PHX,18.6,0.150749506903353,0.10439842209073,0.0241617357001972,0.022189349112426,0.147193510401675,0.032258064516129,0.369881201956674,0.448497554157932
Perry Jones,OKC,14.7,0.209969040247678,0.155015479876161,0.0363777089783282,0.0185758513931889,0.0884694780300796,0.0408163265306122,0.381776591688906,0.427525733892489
Festus Ezeli,GSW,10.9,0.218697318007663,0.166015325670498,0.0220306513409962,0.0306513409961686,0.140154169586545,0.0363636363636364,0.414046822742475,0.490492116579073
Jeff Taylor,CHA,14.8,0.241426872770511,0.157003567181926,0.0618311533888228,0.0225921521997622,0.0935776201733649,0.0335570469798658,0.370171012054948,0.423437061956826
Jae Crowder,BOS,24.2,0.266336633663366,0.186067892503536,0.0664780763790665,0.0137906647807638,0.0517790759426447,0.037037037037037,0.367791989934997,0.395051373453554
Jae Crowder,DAL,10.6,0.218979206049149,0.152816635160681,0.0472589792060491,0.0189035916824197,0.0863259668508287,0.0377358490566038,0.291315315315315,0.327351351351351
Draymond Green,GSW,31.5,0.293994678829342,0.162105663245914,0.106613454960091,0.0252755606233371,0.085972850678733,0.0506329113924051,0.277569880576616,0.320848654453158
Quincy Acy,NYK,18.9,0.240222841225627,0.148698766414644,0.0676482292081178,0.0238758456028651,0.0993904055128545,0.0418848167539267,0.269377162629758,0.312629757785467
Khris Middleton,MIL,30.1,0.297975267239572,0.196529029553553,0.0777614755816391,0.0236847621043806,0.0794856644438817,0.05,0.357495806008845,0.400579533323166
Will Barton,DEN,24.4,0.324828571428571,0.205542857142857,0.0878571428571429,0.0314285714285714,0.0967543319553171,0.0775510204081633,0.322167487684729,0.371428571428571
Will Barton,POR,10,0.302006688963211,0.178260869565217,0.0953177257525084,0.0284280936454849,0.0941306755260244,0.06,0.323030303030303,0.374545454545455
Mike Scott,ATL,16.5,0.299493212669683,0.220307692307692,0.0615384615384615,0.0176470588235294,0.0589230676255515,0.0363636363636364,0.382887700534759,0.413557722554262
Justin Hamilton,MIA,12,0.196044776119403,0.127014925373134,0.0541044776119403,0.0149253731343284,0.0761324704986677,0.0330578512396694,0.286531986531986,0.32020202020202
Justin Hamilton,MIN,24.9,0.230480656506448,0.153106682297773,0.0562719812426729,0.0211019929660023,0.0915564598168871,0.0321285140562249,0.408635794743429,0.464956195244055
Kostas Papanikolaou,HOU,18.5,0.264656862745098,0.125563725490196,0.105392156862745,0.0337009803921569,0.127338395999259,0.0489130434782609,0.21961204586861,0.278555353123995
Kyle O'Quinn,ORL,16.2,0.276461916461916,0.164054054054054,0.0786240786240786,0.0337837837837838,0.1222004976893,0.0493827160493827,0.295867951700454,0.356796277833167
Furkan Aldemir,PHI,13.2,0.156081330868762,0.0830683918669131,0.0573012939001848,0.0157116451016636,0.100663192799621,0.0378787878787879,0.181173150574481,0.21544043539609
Robbie Hummel,MIN,16.5,0.190698924731183,0.124166666666667,0.0544354838709677,0.0120967741935484,0.0634338877925007,0.0359281437125748,0.277417417417417,0.304444444444444
Robert Sacre,LAL,16.9,0.226684373616645,0.151429836210713,0.0593182824258521,0.0159362549800797,0.0703015153882206,0.0414201183431953,0.392743972445465,0.434075774971297
Hollis Thompson,PHI,25,0.234584581857804,0.158583492236448,0.0580223372378099,0.0179787523835467,0.076640810070138,0.04,0.312955596172455,0.348435652080421
Mirza Teletovic,BKN,22.3,0.268758465011287,0.191444695259594,0.0474040632054176,0.0299097065462754,0.111288426003696,0.0357142857142857,0.432704081632653,0.50030612244898
Chris Copeland,IND,16.6,0.300547778454047,0.200730371272063,0.0639074863055386,0.0359099208764455,0.119481571486432,0.0424242424242424,0.348994708994709,0.411428571428571
Pablo Prigioni,HOU,16.7,0.261374407582938,0.0872037914691943,0.156398104265403,0.0177725118483412,0.0679963735267452,0.130952380952381,0.118863049095607,0.143087855297158
Pablo Prigioni,NYK,18.5,0.315078534031414,0.112853403141361,0.171465968586387,0.0307591623036649,0.0976237952808242,0.127659574468085,0.107801950487622,0.137184296074018
Alexey Shved,NYK,26.4,0.45822966507177,0.259665071770335,0.16866028708134,0.0299043062200957,0.0652605199958233,0.116981132075472,0.275762195121951,0.307520325203252
Alexey Shved,PHI,16.8,0.480741989881956,0.261517706576729,0.188870151770658,0.03035413153457,0.0631401711800196,0.148809523809524,0.270692965613545,0.302112061441787
Kent Bazemore,ATL,17.6,0.230798192771084,0.141189759036145,0.0621234939759036,0.0274849397590361,0.119086460032626,0.0454545454545455,0.25,0.298666666666667
Brian Roberts,CHA,18.5,0.336223241590214,0.185229357798165,0.129204892966361,0.0217889908256881,0.0648051298376461,0.172972972972973,0.170812182741117,0.19090524534687
Henry Sims,PHI,19.2,0.294030683403068,0.1960529986053,0.0634588563458856,0.0345188284518828,0.117398728773361,0.0520833333333333,0.305653402913677,0.359469449880409
Justin Holiday,GSW,11.1,0.275565280816922,0.185849744711889,0.0685630926331145,0.0211524434719183,0.0767601905770249,0.0357142857142857,0.348277747402952,0.387916894477857
Aron Baynes,SAS,16,0.22995152049361,0.164283825473777,0.0370207139709123,0.0286469810489202,0.124578350199325,0.025,0.419302587176603,0.492418447694038
Mike Miller,CLE,13.5,0.168300795372379,0.0837020968908171,0.0679681851048445,0.0166305133767173,0.0988142292490119,0.0300751879699248,0.178092307692308,0.213476923076923
Nerlens Noel,PHI,30.8,0.252600170502984,0.16074168797954,0.0607416879795396,0.0311167945439045,0.123185960175498,0.038961038961039,0.330789473684211,0.394824561403509
Alex Len,PHX,22,0.177582833701483,0.125831492584411,0.0284001262227832,0.0233512148942884,0.131494775748099,0.0272727272727273,0.431278390655419,0.51131300021631
Allen Crabbe,POR,13.4,0.182177068214804,0.116139332365747,0.0551523947750363,0.0108853410740203,0.0597514340344168,0.0223880597014925,0.280182072829132,0.306442577030812
Andre Roberson,OKC,19.2,0.148541353383459,0.0835037593984962,0.0477443609022556,0.0172932330827068,0.11642032800162,0.0260416666666667,0.208504646578429,0.251684971369567
Anthony Bennett,MIN,15.7,0.246274509803922,0.177102396514161,0.0495642701525054,0.0196078431372549,0.0796178343949045,0.0379746835443038,0.422560103963613,0.469343729694607
Archie Goodwin,PHX,13,0.361103955841766,0.218509659613615,0.0984360625574977,0.0441582336706532,0.122286762457964,0.115384615384615,0.275865272938444,0.331614401858304
Ben McLemore,SAC,32.6,0.236843069034975,0.165061344076177,0.0465116279069767,0.025270097051822,0.106695531158188,0.04,0.371374423203691,0.42823005932762
CJ McCollum,POR,15.7,0.296944302503832,0.202922841083291,0.0694941236586612,0.0245273377618804,0.0825991189427313,0.0700636942675159,0.366009216589862,0.410248847926267
Cody Zeller,CHA,24,0.233701955495617,0.150087660148348,0.0627107215104518,0.0209035738368173,0.0894454382826476,0.0416666666666667,0.295473251028807,0.336625514403292
Dennis Schroder,ATL,19.7,0.524223935635266,0.249332886356017,0.224606101240362,0.050284948038887,0.0959226479766716,0.217171717171717,0.203352016404648,0.244363636363636
Dewayne Dedmon,ORL,14.3,0.162565947242206,0.11400479616307,0.0179856115107914,0.0305755395683453,0.188080837881693,0.020979020979021,0.495853976531943,0.62883963494133
Erick Green,DEN,9.5,0.32488622754491,0.200335329341317,0.107784431137725,0.0167664670658683,0.0516071955175465,0.145833333333333,0.250982745686422,0.27198799699925
Gorgui Dieng,MIN,30,0.24153114382786,0.140285390713477,0.0727066817667044,0.0285390713476784,0.118158970704077,0.0363036303630363,0.354995128102253,0.427213847652892
Isaiah Canaan,HOU,14.8,0.312064777327935,0.189257759784076,0.0917678812415655,0.0310391363022942,0.0994637605950528,0.132867132867133,0.223490039840637,0.260143426294821
Isaiah Canaan,PHI,25.9,0.413723129836629,0.22713671539123,0.153052450558899,0.0335339638865004,0.0810541192119046,0.173745173745174,0.207021943573668,0.237586206896552
Jeff Withey,NOP,7,0.235756385068762,0.168958742632613,0.0432220039292731,0.0235756385068762,0.1,0.0285714285714286,0.455749867514573,0.519342872284049
Kelly Olynyk,BOS,22.2,0.312147239263804,0.200354464894342,0.0783912747102931,0.0334014996591684,0.107005590496157,0.0405405405405405,0.351915708812261,0.410584291187739
Kentavious Caldwell-Pope,DET,31.5,0.262382978723404,0.201454545454545,0.0427466150870406,0.0181818181818182,0.0692949606345649,0.0379746835443038,0.441023035230352,0.480826558265583
Lorenzo Brown,MIN,18.9,0.328415199258573,0.120815569972196,0.179796107506951,0.0278035217794254,0.0846596681341009,0.168421052631579,0.131823237941147,0.16215997573061
Mason Plumlee,BKN,21.3,0.268727593300029,0.184684102262709,0.0528945048486629,0.0311489861886571,0.11591286851544,0.0375586854460094,0.464508499630451,0.542852919438285
Michael Carter-Williams,MIL,30.3,0.46116112198304,0.232198303979126,0.177429876060013,0.0515329419439008,0.111746067670024,0.201320132013201,0.245489655172414,0.299972413793103
Michael Carter-Williams,PHI,33.9,0.556963462220646,0.245150762681802,0.250088683930472,0.0617240156083718,0.11082237847753,0.227138643067847,0.193742640874685,0.242523128679563
Mike Muscala,ATL,12.6,0.247247247247247,0.162162162162162,0.0640640640640641,0.021021021021021,0.0850202429149798,0.032258064516129,0.304511278195489,0.343984962406015
Otto Porter,WAS,19.4,0.216504785537044,0.15092520382843,0.0471464019851117,0.0184331797235023,0.085139825790818,0.0310880829015544,0.340444586598433,0.382024628178474
Ray McCallum,SAC,21.1,0.355240677966102,0.171850847457627,0.154576271186441,0.0288135593220339,0.0811099660292378,0.180952380952381,0.180953740719589,0.211293546544832
Reggie Bullock,LAC,10.5,0.155125725338491,0.108704061895551,0.034816247582205,0.011605415860735,0.0748129675810474,0.019047619047619,0.325797101449275,0.360579710144928
Robert Covington,PHI,27.9,0.309962245154795,0.214316637301787,0.0634281399446262,0.0322174679083816,0.103939974664631,0.0501792114695341,0.356715542521994,0.410339338081274
Rudy Gobert,UTA,26.3,0.217232099951946,0.131456030754445,0.059106198942816,0.0266698702546852,0.12277131354245,0.0456273764258555,0.225411997363217,0.27114370468029
Shabazz Muhammad,MIN,22.8,0.32123595505618,0.258876404494382,0.0426966292134831,0.0196629213483146,0.0612102133613152,0.0347826086956522,0.577443609022556,0.621303258145363
Shane Larkin,NYK,24.5,0.304364242087729,0.129461410327596,0.151860077734592,0.0230427540255414,0.0757078225335669,0.145748987854251,0.133097385546295,0.156787304486814
Steven Adams,OKC,25.3,0.209040178571429,0.136495535714286,0.044921875,0.0276227678571429,0.132140950347037,0.0357142857142857,0.360235640648012,0.433136966126657
Tim Hardaway Jr.,NYK,24,0.34300756429652,0.237712556732224,0.0804841149773071,0.0248108925869894,0.0723333686179034,0.0708333333333333,0.293039910481164,0.323625512868333
Tony Snell,CHI,19.6,0.206992508027114,0.140991794505887,0.048876204067071,0.0171245094541563,0.0827300930713547,0.041025641025641,0.304938271604938,0.341975308641975
Trey Burke,UTA,30.1,0.427690229626294,0.240612336785232,0.159162539396668,0.0279153534443944,0.0652700284240446,0.176079734219269,0.199477416946622,0.222620380739082
Victor Oladipo,ORL,35.7,0.395762052877138,0.238491446345257,0.117612752721617,0.0396578538102644,0.100206307102859,0.131652661064426,0.303183076314749,0.35359826018189
Giannis Antetokounmpo,MIL,31.4,0.300291109362707,0.18345397324941,0.0828088119590873,0.0340283241542093,0.113317787617575,0.0638977635782748,0.336683271965923,0.399133636560537
Sergey Karasev,BKN,16.8,0.222569631626235,0.135417789757412,0.0655884995507637,0.0215633423180593,0.0968835782334894,0.0297619047619048,0.314984326018809,0.365141065830721
Phil Pressey,BOS,12,0.399967453213995,0.159121236777868,0.207485760781123,0.0333604556550041,0.0834079257872894,0.183333333333333,0.150430769230769,0.181969230769231
James Ennis,MIA,17,0.213405725567621,0.142329713721619,0.0518262586377098,0.0192497532082922,0.0902026089369969,0.0294117647058824,0.337026647966339,0.382608695652174
Matthew Dellavedova,CLE,20.6,0.301352259992529,0.120926410160628,0.157639148300336,0.0227867015315652,0.0756148353827846,0.130434782608696,0.135720275029348,0.161294650343787
Solomon Hill,IND,29,0.263353931387172,0.153189857234179,0.0856594928617089,0.0245045812912849,0.0930480937277494,0.0551724137931035,0.259388079087891,0.300880357916005
Ryan Kelly,LAL,23.7,0.232236842105263,0.144243421052632,0.0727796052631579,0.0152138157894737,0.0655099150141643,0.0336134453781513,0.308043554618897,0.340533895328416
Joffrey Lauvergne,DEN,11.2,0.271490909090909,0.184218181818182,0.0472727272727273,0.04,0.14733458344495,0.0267857142857143,0.479734848484848,0.583901515151515
Pero Antic,ATL,16.5,0.22966525223951,0.165073078736445,0.0414898632720415,0.0231023102310231,0.100591230087042,0.0304878048780488,0.328843805766883,0.374866159481544
Brandon Davies,PHI,18.9,0.282770780856423,0.16816120906801,0.0831234256926952,0.0314861460957179,0.111348654908249,0.0368421052631579,0.309074074074074,0.366944444444444
Jamal Crawford,LAC,26.6,0.385296856810245,0.276449359720605,0.0820721769499418,0.0267753201396973,0.069492703266157,0.0861423220973783,0.411132271468144,0.450952216066482
PJ Hairston,CHA,15.3,0.247359307359307,0.205512265512266,0.025974025974026,0.0158730158730159,0.0641698751604247,0.0261437908496732,0.536421845574388,0.577853107344633
Shabazz Napier,MIA,19.8,0.322811369509044,0.13056330749354,0.150387596899225,0.0418604651162791,0.129674692622951,0.160804020100503,0.13001904173743,0.171705007462302
Zach LaVine,MIN,24.7,0.41277908496732,0.197354248366013,0.164967320261438,0.0504575163398693,0.122238548844751,0.207317073170732,0.196072727272727,0.246202597402597
Tyler Ennis,MIL,14.1,0.375280898876404,0.175842696629213,0.151685393258427,0.047752808988764,0.127245508982036,0.184397163120567,0.184117647058824,0.234117647058824
Markel Brown,BKN,16.6,0.22390306122449,0.149923469387755,0.0567602040816327,0.017219387755102,0.0769055485929133,0.0359281437125748,0.35726443768997,0.398297872340426
Elfrid Payton,ORL,30.4,0.42150641025641,0.160689102564103,0.220152243589744,0.0406650641025641,0.0964755531898715,0.188118811881188,0.163040650406504,0.20430081300813
Jordan Clarkson,LAL,25,0.403076923076923,0.229568816833391,0.140393239047948,0.0331148671955847,0.0821552048745422,0.195219123505976,0.235,0.268898305084746
KJ McDaniels,PHI,25.4,0.266903703703704,0.176533333333333,0.0518518518518519,0.0385185185185185,0.144316163410302,0.046875,0.332107023411371,0.404570791527313
Nick Johnson,HOU,9.4,0.279707495429616,0.157221206581353,0.0877513711151737,0.0347349177330896,0.124183006535948,0.0625,0.267080745341615,0.326086956521739
Jabari Brown,LAL,29.9,0.277690288713911,0.181452318460192,0.068241469816273,0.0279965004374453,0.100819155639572,0.0666666666666667,0.323910666874902,0.373887240356083
Gary Harris,DEN,13.1,0.245797872340426,0.158031914893617,0.0625,0.0252659574468085,0.102791603549015,0.0381679389312977,0.385844155844156,0.447532467532468
Spencer Dinwiddie,DET,13.4,0.473169642857143,0.2053125,0.231026785714286,0.0368303571428571,0.0778375318426267,0.23134328358209,0.187217585996336,0.220801953999593
Nik Stauskas,SAC,15.4,0.212059079061686,0.140816681146829,0.053866203301477,0.0173761946133797,0.0819403474270731,0.038961038961039,0.346917808219178,0.38972602739726
Rodney Hood,UTA,21.3,0.313631937682571,0.199221032132425,0.0925024342745862,0.0219084712755599,0.0698540825830487,0.0751173708920188,0.267450980392157,0.296862745098039
Cleanthony Early,NYK,16.6,0.277051978277735,0.182404965089216,0.0636152055857254,0.0310318076027929,0.112007168458781,0.0538922155688623,0.247078604455654,0.28911307271963
James Young,BOS,10.7,0.230190895741557,0.168516886930984,0.0543318649045521,0.00734214390602056,0.031895891809135,0.0283018867924528,0.359411212026308,0.375070466645788
Jerami Grant,PHI,21.2,0.255350970017637,0.154116402116402,0.0712522045855379,0.0299823633156966,0.117416289092717,0.0471698113207547,0.283622200584226,0.338799091204155
Joe Harris,CLE,9.7,0.219203268641471,0.129315628192033,0.0623084780388151,0.0275791624106231,0.125815470643057,0.0309278350515464,0.266919671094244,0.323845667299178
Doug McDermott,CHI,8.9,0.227001569858713,0.178335949764521,0.021978021978022,0.0266875981161695,0.117565698478562,0.0227272727272727,0.380187416331995,0.437081659973226
Cory Jefferson,BKN,10.6,0.219925373134328,0.17794776119403,0.0233208955223881,0.0186567164179104,0.0848320325755005,0.0283018867924528,0.545028571428571,0.602171428571429
Aaron Gordon,ORL,17,0.211246882793017,0.14640897755611,0.0411471321695761,0.0236907730673317,0.112147326171644,0.0352941176470588,0.364715017859916,0.423730392918155
TJ Warren,PHX,15.4,0.245329103885805,0.176336241078509,0.0475812846946868,0.021411578112609,0.0872769588828549,0.0324675324675325,0.386041666666667,0.432916666666667
Marcus Smart,BOS,27,0.2872707542051,0.144568638090071,0.11828540423223,0.0244167118827998,0.0849954669084315,0.103703703703704,0.205515060357129,0.240225230436962
Kyle Anderson,SAS,10.9,0.241070422535211,0.134028169014085,0.0929577464788732,0.0140845070422535,0.0584248656228091,0.073394495412844,0.194840294840295,0.215315315315315
Adreian Payne,MIN,24.8,0.24743661971831,0.163633802816901,0.0528169014084507,0.0309859154929577,0.125227686703097,0.0401606425702811,0.396654148173438,0.471765107545237
Noah Vonleh,CHA,10.3,0.242514734774067,0.171787819253438,0.0491159135559921,0.0216110019646365,0.0891121192482178,0.0384615384615385,0.4372,0.4922
Johnny O'Bryant,MIL,10.8,0.251890410958904,0.180657534246575,0.036986301369863,0.0342465753424658,0.135958233630629,0.019047619047619,0.497285067873303,0.591553544494721
Andrew Wiggins,MIN,36.2,0.31620164126612,0.224759671746776,0.0617986936861497,0.0296432758331938,0.0937480138132667,0.0441988950276243,0.463635735507497,0.524784080701997
Jabari Parker,MIL,29.5,0.276411609498681,0.192638522427441,0.0527704485488127,0.0310026385224274,0.112161130202367,0.0405405405405405,0.445862595419847,0.517618320610687
Mitch McGary,OKC,15.2,0.245652173913043,0.180434782608696,0.0345849802371542,0.0306324110671937,0.124698310539019,0.0394736842105263,0.410521582733813,0.480215827338129
Dante Exum,UTA,22.2,0.280185614849188,0.124733178654292,0.12122969837587,0.0342227378190255,0.122143093739649,0.117647058823529,0.130469603203495,0.166266229826477
JaKarr Sampson,PHI,15.3,0.271188160676533,0.163788583509514,0.0752642706131078,0.0321353065539112,0.118498191343395,0.0789473684210526,0.264373464373464,0.316243516243516
Jusuf Nurkic,DEN,17.8,0.277349714787187,0.193541026766125,0.0460728389644581,0.0377358490566038,0.13605872674345,0.0337078651685393,0.4906340378198,0.586295884315907
Damjan Rudez,IND,15.4,0.219288461538462,0.131307692307692,0.0653846153846154,0.0225961538461538,0.103043058844164,0.025974025974026,0.269561784445322,0.315949467035136
Tyler Johnson,MIA,18.8,0.280727272727273,0.155107438016529,0.100826446280992,0.0247933884297521,0.0883184173339614,0.0740740740740741,0.249574468085106,0.289468085106383
Tarik Black,HOU,15.7,0.174661558109834,0.122298850574713,0.0280970625798212,0.0242656449553001,0.138929511553086,0.0254777070063694,0.450635294117647,0.540047058823529
Tarik Black,LAL,21.1,0.214205128205128,0.146897435897436,0.0487179487179487,0.0185897435897436,0.0867847737610725,0.0424528301886792,0.430751879699248,0.485263157894737
Travis Wear,NYK,13.2,0.274531490015361,0.169308755760369,0.0783410138248848,0.0268817204301075,0.0979185317815577,0.0461538461538461,0.261960784313725,0.303553178847296
Langston Galloway,NYK,32.4,0.324379358437936,0.190139470013947,0.112970711297071,0.0212691771269177,0.0655688365293662,0.123076923076923,0.205046061289716,0.227982703515698
Joe Ingles,UTA,21.2,0.263786136151694,0.11551134597451,0.117811625738265,0.0304631644389182,0.115484327127033,0.0613207547169811,0.15524084053975,0.196181643480804
Hedo Turkoglu,LAC,11.4,0.205998578535892,0.137057569296375,0.0483297796730633,0.0206112295664534,0.100055202870549,0.0350877192982456,0.334443288241415,0.384738120013874
Tyson Chandler,DAL,30.5,0.181167315175097,0.119559014267185,0.0389105058365759,0.0226977950713359,0.12528636884307,0.0262295081967213,0.344598130841122,0.410018691588785
Pau Gasol,CHI,34.4,0.362358630952381,0.244427083333333,0.0885416666666667,0.029389880952381,0.08110716412394,0.0583090379008746,0.4159670781893,0.465982905982906
Jason Richardson,PHI,21.9,0.332556480380499,0.223162901307967,0.0903686087990487,0.0190249702734839,0.05720823798627,0.0593607305936073,0.349042216849544,0.378798586572438
Joe Johnson,BKN,34.9,0.33469298245614,0.201469298245614,0.108187134502924,0.0250365497076023,0.0748045254007775,0.0771428571428572,0.321974299065421,0.361985981308411
Richard Jefferson,DAL,16.8,0.220488958990536,0.147539432176656,0.0524447949526814,0.0205047318611987,0.0929966378138636,0.0414201183431953,0.306437346437346,0.349025389025389
Zach Randolph,MEM,32.4,0.34559857587895,0.236564307966177,0.0743213173119715,0.0347129506008011,0.100442979293294,0.0524691358024691,0.44039768019884,0.505020712510356
Gerald Wallace,BOS,8.9,0.1625,0.0704861111111111,0.0607638888888889,0.03125,0.192307692307692,0.0337078651685393,0.189365671641791,0.273320895522388
Samuel Dalembert,NYK,17,0.231818181818182,0.131439393939394,0.0634469696969697,0.0369318181818182,0.159313725490196,0.0411764705882353,0.316605839416058,0.405565693430657
Tony Parker,SAS,28.7,0.44933025404157,0.232240184757506,0.179625352835515,0.0374647164485502,0.0833790204678363,0.205574912891986,0.208285004142502,0.241885298720427
Chris Andersen,MIA,18.9,0.173333333333333,0.116944065484311,0.0381991814461119,0.0181900864029104,0.104942806170637,0.0267379679144385,0.382678571428571,0.442202380952381
Mike Dunleavy,CHI,29.2,0.219017117614578,0.143368304803976,0.0590833793484263,0.0165654334621756,0.0756353368293667,0.0343642611683849,0.273838527659126,0.305479090861151
Drew Gooden,WAS,16.9,0.240680351906158,0.173231671554252,0.0510263929618768,0.0164222873900293,0.0682327712252656,0.0411764705882353,0.355298929387706,0.38898111391796
Nene,WAS,25.3,0.315210852255972,0.203444411677971,0.0751990563255677,0.0365673842524329,0.116009280742459,0.0436507936507937,0.384205836489196,0.453263533080864
Amar'e Stoudemire,DAL,16.5,0.305647668393782,0.265492227979275,0.0207253886010363,0.0194300518134715,0.0635700966265469,0.0424242424242424,0.655242966751918,0.703196930946292
Amar'e Stoudemire,NYK,24,0.308599151000606,0.222486355366889,0.0479078229229836,0.0382049727107338,0.123801289105487,0.0530612244897959,0.443091787439614,0.519178743961353
Caron Butler,DET,20.8,0.199949685534591,0.132968553459119,0.0515723270440252,0.0154088050314465,0.0770634121791646,0.0334928229665072,0.279434311393074,0.311816019032514
Tayshaun Prince,DET,24.8,0.248208820882088,0.155499549954995,0.0783078307830783,0.0144014401440144,0.058021467943139,0.0481927710843374,0.29113582743512,0.318099089989889
Tayshaun Prince,MEM,24.1,0.251815181518152,0.161881188118812,0.0775577557755776,0.0123762376237624,0.0491480996068152,0.0454545454545455,0.305512301463718,0.328869511055746
John Salmons,NOP,12.8,0.166525911708253,0.0955086372360845,0.0614203454894434,0.00959692898272553,0.0576302443522361,0.0310077519379845,0.234606317774635,0.258180103724658
Carlos Boozer,LAL,23.8,0.323023052232273,0.236066530493143,0.0601108841552378,0.0268456375838926,0.0831074977416441,0.0460251046025105,0.501954458025687,0.559037041633058
Matt Barnes,LAC,29.9,0.205889995669121,0.144174967518406,0.0428757037678649,0.0188393243828497,0.0915018931426168,0.0234113712374582,0.371208742194469,0.41971454058876
Rasual Butler,WAS,20.1,0.241793842034806,0.18289156626506,0.0428380187416332,0.0160642570281124,0.0664378252685195,0.0348258706467662,0.38552380952381,0.419386243386243
Luis Scola,IND,20.5,0.322692998204668,0.221855176540993,0.0727109515260323,0.0281268701376421,0.0871629390601239,0.0490196078431373,0.376690545140477,0.42444749276025
Reggie Evans,SAC,16.3,0.199387890884897,0.119547571523619,0.0499001996007984,0.029940119760479,0.150160170848905,0.0429447852760736,0.347543520309478,0.43458413926499
LeBron James,CLE,36.1,0.563350912778905,0.306555780933063,0.201622718052738,0.0551724137931034,0.0979361398758515,0.168975069252078,0.317437513127494,0.374568367989918
Carmelo Anthony,NYK,35.7,0.454646867077146,0.329692140528794,0.0927200289750091,0.032234697573343,0.0709005162194889,0.0863509749303621,0.377396351575456,0.414295190713101
Chris Bosh,MIA,35.4,0.381170177198261,0.28320962888666,0.0661985957873621,0.0317619525242394,0.0833274857904708,0.0621468926553672,0.422188995215311,0.469537480063796
Dwyane Wade,MIA,31.8,0.542567567567568,0.324012474012474,0.164241164241164,0.0543139293139293,0.100105374077977,0.135220125786164,0.353421395770735,0.412665117070129
Chris Kaman,POR,18.9,0.300640979474253,0.213856679870364,0.0478934101548434,0.0388908894490457,0.129359908010732,0.0423280423280423,0.498472385428907,0.589122041295954
Kirk Hinrich,CHI,24.4,0.244555071561917,0.125388923459863,0.0964530180460485,0.022713130056005,0.0928753180661578,0.11522633744856,0.16867570734974,0.199229867738155
Nick Collison,OKC,16.7,0.230554303740424,0.126904010815683,0.0833708877872916,0.0202794051374493,0.0879593432369038,0.0419161676646707,0.252465483234714,0.292809754348216
Luke Ridnour,ORL,14.5,0.296742147552958,0.135310445580716,0.133674214755296,0.0277574872169467,0.0935407640803466,0.164383561643836,0.145434560728586,0.175268901625186
David West,IND,28.7,0.352883500263574,0.199483394833948,0.121771217712177,0.0316288877174486,0.089629828807027,0.048780487804878,0.314171855541719,0.363985056039851
Boris Diaw,SAS,24.5,0.321326918207141,0.170402633578121,0.119017472777918,0.0319068118511015,0.0992970400025218,0.0530612244897959,0.241501579098478,0.286721217341372
Kendrick Perkins,OKC,19.2,0.197268588770865,0.110773899848255,0.0490642387455741,0.0374304501770359,0.18974358974359,0.0364583333333333,0.304547350855236,0.407453761646503
Leandro Barbosa,GSW,14.9,0.323962726826876,0.205277096615988,0.097106424717999,0.0215792054928887,0.066610148964515,0.0675675675675676,0.299142367066895,0.330588907947398
Steve Blake,POR,18.9,0.338996088657106,0.112464146023468,0.192633637548892,0.0338983050847458,0.0999961539940772,0.174603174603175,0.122406697885625,0.159301830566198
Willie Green,ORL,18.3,0.269006342494715,0.169640591966173,0.0739957716701903,0.025369978858351,0.0943099654196794,0.0765027322404371,0.279289940828402,0.321058127392969
Zaza Pachulia,MIL,23.7,0.312200749927892,0.172887222382463,0.100951831554658,0.0383616959907701,0.122875092387287,0.0427350427350427,0.328438356164384,0.401315068493151
Matt Bonner,SAS,13,0.185757575757576,0.133268398268398,0.0465367965367965,0.00595238095238095,0.0320438126310883,0.0307692307692308,0.273644444444444,0.285866666666667
Mo Williams,CHA,30.8,0.505940119760479,0.271808383233533,0.192215568862275,0.0419161676646707,0.0828480802916252,0.211038961038961,0.239826702594178,0.276810905056269
Mo Williams,MIN,28,0.485979381443299,0.209776632302406,0.232388316151203,0.0438144329896907,0.0901569792108613,0.246478873239437,0.191807077491065,0.231868347668984
James Jones,CLE,11.7,0.220469341408024,0.167479182437547,0.0431491294473883,0.00984102952308857,0.0446367257244884,0.0252100840336134,0.356092065024948,0.377015934331241
Kyle Korver,ATL,32.2,0.228584362139918,0.134139917695473,0.0724279835390946,0.0220164609053498,0.0963165664494293,0.0279503105590062,0.288779623477298,0.336177187153931
Udonis Haslem,MIA,16,0.207317829457364,0.138067183462532,0.048062015503876,0.0211886304909561,0.102203609532356,0.0372670807453416,0.29923835125448,0.345161290322581
Dwight Howard,HOU,29.8,0.299179609717244,0.21594583831143,0.0374352847471127,0.0457984866587017,0.153080240668761,0.0536912751677852,0.467327415323623,0.566439713867103
Ben Gordon,ORL,14.1,0.313244104525175,0.206806883365201,0.07138304652645,0.0350541746335245,0.111906893464637,0.0638297872340426,0.371428571428571,0.434386446886447
Shaun Livingston,GSW,18.8,0.351013333333333,0.145346666666667,0.171666666666667,0.034,0.0968624173820558,0.142857142857143,0.14867703218767,0.183456082924168
Devin Harris,DAL,22.2,0.339825174825175,0.173449883449883,0.141608391608392,0.0247668997668998,0.0728812978015571,0.113122171945701,0.220637509266123,0.252142327650111
Luol Deng,MIA,33.6,0.271297709923664,0.190296861747243,0.0581000848176421,0.0229007633587786,0.084411930219471,0.0386904761904762,0.389513888888889,0.436388888888889
Andre Iguodala,GSW,26.9,0.254565722248026,0.126836971667441,0.107292150487692,0.0204366000928936,0.0802802510582397,0.0743494423791822,0.196481634708781,0.228139727308702
Sebastian Telfair,OKC,20.4,0.405939968404423,0.221105845181675,0.156398104265403,0.028436018957346,0.0700498132004981,0.2,0.188930885529158,0.213228941684665
Kris Humphries,WAS,21,0.246806596701649,0.186461769115442,0.0431034482758621,0.0172413793103448,0.0698578544526789,0.0380952380952381,0.381035539215686,0.416268382352941
Al Jefferson,CHA,30.6,0.352318216366861,0.274284266531543,0.0608056751963517,0.0172282746389663,0.0488997555012225,0.0488599348534202,0.557036274762027,0.592024697710316
Josh Smith,DET,32,0.427612188365651,0.243678670360111,0.14404432132964,0.0398891966759003,0.0932835820895522,0.065625,0.369613445378151,0.430117647058824
Josh Smith,HOU,25.5,0.359756180155774,0.223284795123603,0.0910938029122926,0.0453775821198781,0.12613426710343,0.0588235294117647,0.439134199134199,0.528378288378288
J.R. Smith,CLE,31.8,0.266913834534844,0.178002059732235,0.0710607621009269,0.0178510127016821,0.0668793085708406,0.050314465408805,0.348983712478126,0.383981693363844
J.R. Smith,NYK,25.8,0.393288814691152,0.223839732888147,0.131886477462437,0.0375626043405676,0.0955089566177095,0.0968992248062015,0.231331953071084,0.270151828847481
Dorell Wright,POR,12.3,0.260617180984153,0.173878231859883,0.0717264386989158,0.0150125104253545,0.0576036866359447,0.0403225806451613,0.339322916666667,0.368619791666667
Jameer Nelson,DAL,25.4,0.341138487680544,0.141478334749363,0.166525063721325,0.0331350892098556,0.0971309025702331,0.15748031496063,0.155364806866953,0.191752192573241
Jameer Nelson,DEN,20.6,0.472892679459844,0.219161336176262,0.210376687988628,0.0433546552949538,0.0916796921967055,0.183574879227053,0.246451406649616,0.295204603580563
Tony Allen,MEM,26.2,0.232906584992343,0.156336906584992,0.0502297090352221,0.0263399693721286,0.113092420177792,0.0344827586206897,0.366616390145802,0.428384687208217
Kevin Martin,MIN,33.4,0.362711094282469,0.268807269973495,0.0651268458917077,0.0287769784172662,0.079338566894939,0.0504451038575668,0.449458689458689,0.497575182019626
Beno Udrih,MEM,18.9,0.381771117166213,0.187288828337875,0.1641689373297,0.0303133514986376,0.0794018985083149,0.19047619047619,0.169768447051559,0.197246063599877
Anderson Varejao,CLE,24.4,0.250441767068273,0.176546184738956,0.0457831325301205,0.0281124497991968,0.112251443232842,0.0368852459016394,0.386020372321742,0.447488584474886
Trevor Ariza,HOU,35.7,0.264062448098323,0.161587776116924,0.0790566351104468,0.0234180368709517,0.088683707356345,0.0446927374301676,0.269656319290466,0.308736141906874
Kevin Garnett,BKN,20.3,0.289957805907173,0.176636528028933,0.0861965039180229,0.027124773960217,0.0935473141526692,0.0392156862745098,0.345403111739745,0.398444130127298
Kobe Bryant,LAL,34.5,0.558447230084917,0.331192883137889,0.175495349777598,0.0517589971694298,0.0926837745467184,0.15028901734104,0.391978942330701,0.453237616654702